[
    {
        "text": "This year The day that I found you The day that I found you Someone special",
        "weight": 0.4776844401053292
    },
    {
        "text": "Someone special last Christmas I get you my heart",
        "weight": 0.485611949593281
    },
    {
        "text": "I get you my heart the very next day you can't be the way",
        "weight": 0.6271761856987774
    },
    {
        "text": "You can't be What you gonna bet you gonna bet",
        "weight": 0.5274372137929233
    }
]